{"stats":{"minecraft:custom":{"minecraft:time_since_rest":167345,"minecraft:walk_one_cm":185966,"minecraft:sprint_one_cm":235912,"minecraft:drop":1,"minecraft:fly_one_cm":225884,"minecraft:open_barrel":17,"minecraft:open_chest":4,"minecraft:crouch_one_cm":2125,"minecraft:play_time":167345,"minecraft:sneak_time":1676,"minecraft:jump":247,"minecraft:leave_game":10,"minecraft:time_since_death":167345,"minecraft:total_world_time":438004},"minecraft:dropped":{"minecraft:wooden_axe":1},"minecraft:used":{"projectred_illumination:red_inverted_fixture_light":9,"mekanism:superheating_element":18,"projectred_illumination:red_inverted_cage_light":1,"chipped:deepslate_45":3,"mekanism:qio_dashboard":2,"mekanism:elite_induction_provider":15,"minecraft:lever":1,"create:controls":9,"buildersdelight:industrial_3":25,"buildersdelight:industrial_4":7,"create:brass_block":31,"create:brass_door":1,"mekanism:pressure_disperser":6,"mekanism:elite_induction_cell":6,"cgm:machine_pistol":12,"cgm:shotgun":20,"create:schematic_table":1,"mekanism:configurator":14,"create:item_vault":6,"cgm:pistol":17,"supplementaries:netherite_door":1,"create:train_door":6,"mekanism:personal_chest":3,"mekanism:personal_barrel":14,"chipped:deepslate_39":15,"chipped:deepslate_19":24,"mekanism:security_desk":2,"ae2:wireless_access_point":1,"chipped:deepslate_43":3,"thermal:enderium_glass":3,"create:contraption_controls":1,"minecraft:stone":953,"chipped:deepslate_42":15,"mekanism:qio_drive_array":4,"mekanism:teleporter_frame":23,"cgm:assault_rifle":16,"mekanism:modification_station":3,"mekanism:dimensional_stabilizer":2,"create:railway_casing":18,"farmersdelight:canvas_sign":1,"minecraft:bedrock":5,"chipped:deepslate_1":7,"buildersdelight:industrial_7":1,"mekanism:antiprotonic_nucleosynthesizer":2,"mekanism:industrial_alarm":1,"create:gray_seat":3,"cgm:workbench":1,"mekanism:ultimate_energy_cube":1,"create:redstone_contact":21,"chipped:deepslate_27":2,"mekanism:pigment_mixer":3,"thermal:obsidian_glass":68,"create:industrial_iron_block":73,"ftbquests:screen_1":2,"projectred_illumination:orange_inverted_fallout_light":1,"buildersdelight:industrial_1":41,"buildersdelight:industrial_5":1,"buildersdelight:industrial_2":2,"buildersdelight:industrial_6":1,"chipped:yellow_concrete_19":17,"create:placard":9,"cgm:rifle":93,"cgm:mini_gun":11,"mekanism:chargepad":4,"create:metal_girder":8,"supplementaries:item_shelf":3,"projectred_illumination:red_inverted_fallout_light":1,"projectred_illumination:orange_inverted_fixture_light":14,"create:smart_chute":15},"minecraft:picked_up":{"minecraft:wooden_axe":1,"projectred_illumination:orange_inverted_fixture_light":1,"cgm:rifle":4}},"DataVersion":2975}