{
  "minecraft:recipes/building_blocks/stone_bricks": {
    "criteria": {
      "has_stone": "2024-03-02 16:53:00 +1100"
    },
    "done": true
  },
  "minecraft:recipes/building_blocks/stone_bricks_from_stone_stonecutting": {
    "criteria": {
      "has_stone": "2024-03-02 16:53:00 +1100"
    },
    "done": true
  },
  "tconstruct:tools/materials_and_you": {
    "criteria": {
      "crafted_book": "2024-03-02 16:47:35 +1100"
    },
    "done": true
  },
  "tconstruct:internal/starting_book": {
    "criteria": {
      "tick": "2024-03-02 16:47:35 +1100"
    },
    "done": true
  },
  "create:recipes/create.palettes/crafting/kinetics/white_seat_from_other_seat": {
    "criteria": {
      "has_seat": "2024-03-02 18:34:13 +1100"
    },
    "done": true
  },
  "farmersdelight:recipes/farmersdelight/white_canvas_sign": {
    "criteria": {
      "has_canvas_sign": "2024-03-02 23:32:16 +1100"
    },
    "done": true
  },
  "create:recipes/create.palettes/crafting/kinetics/light_blue_seat_from_other_seat": {
    "criteria": {
      "has_seat": "2024-03-02 18:34:13 +1100"
    },
    "done": true
  },
  "farmersdelight:recipes/farmersdelight/lime_canvas_sign": {
    "criteria": {
      "has_canvas_sign": "2024-03-02 23:32:16 +1100"
    },
    "done": true
  },
  "farmersdelight:recipes/farmersdelight/gray_canvas_sign": {
    "criteria": {
      "has_canvas_sign": "2024-03-02 23:32:16 +1100"
    },
    "done": true
  },
  "farmersdelight:recipes/farmersdelight/light_gray_canvas_sign": {
    "criteria": {
      "has_canvas_sign": "2024-03-02 23:32:16 +1100"
    },
    "done": true
  },
  "minecraft:recipes/redstone/birch_pressure_plate": {
    "criteria": {
      "has_planks": "2024-03-02 16:58:01 +1100"
    },
    "done": true
  },
  "minecraft:recipes/decorations/crafting_table": {
    "criteria": {
      "has_planks": "2024-03-02 16:58:01 +1100"
    },
    "done": true
  },
  "minecraft:recipes/building_blocks/smooth_stone": {
    "criteria": {
      "has_stone": "2024-03-02 16:53:00 +1100"
    },
    "done": true
  },
  "minecraft:recipes/misc/map": {
    "criteria": {
      "has_compass": "2024-03-02 17:03:57 +1100"
    },
    "done": true
  },
  "minecraft:recipes/decorations/chest": {
    "criteria": {
      "has_lots_of_items": "2024-03-02 21:49:26 +1100"
    },
    "done": true
  },
  "exnihilosequentia:recipes/exnihilosequentia/ens_stone_barrel": {
    "criteria": {
      "has_walls": "2024-03-02 16:53:00 +1100"
    },
    "done": true
  },
  "minecraft:recipes/building_blocks/stone_slab_from_stone_stonecutting": {
    "criteria": {
      "has_stone": "2024-03-02 16:53:00 +1100"
    },
    "done": true
  },
  "minecraft:recipes/building_blocks/chiseled_stone_bricks_stone_from_stonecutting": {
    "criteria": {
      "has_stone": "2024-03-02 16:53:00 +1100"
    },
    "done": true
  },
  "minecraft:recipes/redstone/birch_button": {
    "criteria": {
      "has_planks": "2024-03-02 16:58:01 +1100"
    },
    "done": true
  },
  "tconstruct:recipes/tconstruct/general/tables/tinkers_anvil": {
    "criteria": {
      "has_item": "2024-03-02 21:49:54 +1100"
    },
    "done": true
  },
  "farmersdelight:recipes/farmersdelight/red_canvas_sign": {
    "criteria": {
      "has_canvas_sign": "2024-03-02 23:32:16 +1100"
    },
    "done": true
  },
  "tconstruct:recipes/tconstruct/general/tables/scorched_forge": {
    "criteria": {
      "has_item": "2024-03-02 21:49:54 +1100"
    },
    "done": true
  },
  "minecraft:recipes/building_blocks/stone_slab": {
    "criteria": {
      "has_stone": "2024-03-02 16:53:00 +1100"
    },
    "done": true
  },
  "minecraft:recipes/misc/stick": {
    "criteria": {
      "has_planks": "2024-03-02 16:58:01 +1100"
    },
    "done": true
  },
  "create:recipes/create.palettes/crafting/kinetics/blue_seat_from_other_seat": {
    "criteria": {
      "has_seat": "2024-03-02 18:34:13 +1100"
    },
    "done": true
  },
  "buildersdelight:root": {
    "criteria": {
      "crafting_table": "2024-03-02 22:22:32 +1100"
    },
    "done": true
  },
  "minecraft:recipes/building_blocks/stone_brick_slab_from_stone_stonecutting": {
    "criteria": {
      "has_stone": "2024-03-02 16:53:00 +1100"
    },
    "done": true
  },
  "chiselsandbits:recipes/chiselsandbits/chisel_stone": {
    "criteria": {
      "has_ingredient": "2024-03-02 17:02:57 +1100"
    },
    "done": true
  },
  "create:recipes/create.palettes/crafting/kinetics/light_gray_seat_from_other_seat": {
    "criteria": {
      "has_seat": "2024-03-02 18:34:13 +1100"
    },
    "done": true
  },
  "storagedrawers:recipes/storagedrawers/fill_level_upgrade": {
    "criteria": {
      "has_template": "2024-03-02 16:47:35 +1100"
    },
    "done": true
  },
  "storagedrawers:recipes/storagedrawers/quantify_key": {
    "criteria": {
      "has_template": "2024-03-02 16:47:35 +1100"
    },
    "done": true
  },
  "storagedrawers:recipes/storagedrawers/max_redstone_upgrade": {
    "criteria": {
      "has_template": "2024-03-02 16:47:35 +1100"
    },
    "done": true
  },
  "farmersdelight:recipes/farmersdelight/blue_canvas_sign": {
    "criteria": {
      "has_canvas_sign": "2024-03-02 23:32:16 +1100"
    },
    "done": true
  },
  "create:recipes/create.palettes/crafting/kinetics/green_seat_from_other_seat": {
    "criteria": {
      "has_seat": "2024-03-02 18:34:13 +1100"
    },
    "done": true
  },
  "tconstruct:recipes/tconstruct/general/tables/tinkers_forge": {
    "criteria": {
      "has_item": "2024-03-02 21:49:54 +1100"
    },
    "done": true
  },
  "farmersdelight:recipes/farmersdelight/magenta_canvas_sign": {
    "criteria": {
      "has_canvas_sign": "2024-03-02 23:32:16 +1100"
    },
    "done": true
  },
  "storagedrawers:recipes/storagedrawers/acacia_trim": {
    "criteria": {
      "has_planks": "2024-03-02 16:47:35 +1100"
    },
    "done": true
  },
  "create:recipes/create.palettes/crafting/kinetics/magenta_seat_from_other_seat": {
    "criteria": {
      "has_seat": "2024-03-02 18:34:13 +1100"
    },
    "done": true
  },
  "create:recipes/create.palettes/crafting/kinetics/gray_seat_from_other_seat": {
    "criteria": {
      "has_seat": "2024-03-02 18:34:13 +1100"
    },
    "done": true
  },
  "tconstruct:recipes/tconstruct/general/tables/scorched_anvil": {
    "criteria": {
      "has_item": "2024-03-02 21:49:54 +1100"
    },
    "done": true
  },
  "industrialforegoing:recipes/industrialforegoing_core/plastic": {
    "criteria": {
      "has_plastic": "2024-03-02 16:47:35 +1100"
    },
    "done": true
  },
  "minecraft:recipes/building_blocks/birch_slab": {
    "criteria": {
      "has_planks": "2024-03-02 16:58:01 +1100"
    },
    "done": true
  },
  "storagedrawers:recipes/storagedrawers/crimson_trim": {
    "criteria": {
      "has_planks": "2024-03-02 16:47:35 +1100"
    },
    "done": true
  },
  "create:recipes/create.palettes/crafting/kinetics/black_seat_from_other_seat": {
    "criteria": {
      "has_seat": "2024-03-02 18:34:13 +1100"
    },
    "done": true
  },
  "create:recipes/create.palettes/crafting/kinetics/purple_seat_from_other_seat": {
    "criteria": {
      "has_seat": "2024-03-02 18:34:13 +1100"
    },
    "done": true
  },
  "farmersdelight:recipes/farmersdelight/black_canvas_sign": {
    "criteria": {
      "has_canvas_sign": "2024-03-02 23:32:16 +1100"
    },
    "done": true
  },
  "storagedrawers:recipes/storagedrawers/dark_oak_trim": {
    "criteria": {
      "has_planks": "2024-03-02 16:47:35 +1100"
    },
    "done": true
  },
  "farmersdelight:recipes/farmersdelight/brown_canvas_sign": {
    "criteria": {
      "has_canvas_sign": "2024-03-02 23:32:16 +1100"
    },
    "done": true
  },
  "minecraft:recipes/redstone/birch_fence_gate": {
    "criteria": {
      "has_planks": "2024-03-02 16:58:01 +1100"
    },
    "done": true
  },
  "farmersdelight:recipes/farmersdelight/light_blue_canvas_sign": {
    "criteria": {
      "has_canvas_sign": "2024-03-02 23:32:16 +1100"
    },
    "done": true
  },
  "minecraft:recipes/redstone/stone_button": {
    "criteria": {
      "has_stone": "2024-03-02 16:53:00 +1100"
    },
    "done": true
  },
  "railways:recipes/railways/conductor_vent_from_industrial_iron_block_stonecutting": {
    "criteria": {
      "has_industrial_iron_block": "2024-03-02 21:44:25 +1100"
    },
    "done": true
  },
  "chiselsandbits:recipes/chiselsandbits/wrench": {
    "criteria": {
      "has_p": "2024-03-02 21:59:07 +1100"
    },
    "done": true
  },
  "supplementaries:recipes/hanging_sign_minecraft/birch": {
    "criteria": {
      "has_plank": "2024-03-02 16:58:01 +1100"
    },
    "done": true
  },
  "farmersdelight:recipes/farmersdelight/green_canvas_sign": {
    "criteria": {
      "has_canvas_sign": "2024-03-02 23:32:16 +1100"
    },
    "done": true
  },
  "create:recipes/create.palettes/crafting/kinetics/orange_seat_from_other_seat": {
    "criteria": {
      "has_seat": "2024-03-02 18:34:13 +1100"
    },
    "done": true
  },
  "storagedrawers:recipes/storagedrawers/birch_trim": {
    "criteria": {
      "has_planks": "2024-03-02 16:47:35 +1100"
    },
    "done": true
  },
  "lootr:root": {
    "criteria": {
      "always_true": "2024-03-02 16:47:35 +1100"
    },
    "done": true
  },
  "minecraft:recipes/building_blocks/stone_stairs_from_stone_stonecutting": {
    "criteria": {
      "has_stone": "2024-03-02 16:53:00 +1100"
    },
    "done": true
  },
  "create:recipes/create.base/crafting/kinetics/track_station": {
    "criteria": {
      "has_item": "2024-03-02 21:59:32 +1100"
    },
    "done": true
  },
  "create:recipes/create.base/crafting/kinetics/track_observer": {
    "criteria": {
      "has_item": "2024-03-02 21:59:32 +1100"
    },
    "done": true
  },
  "create:recipes/create.palettes/crafting/kinetics/cyan_seat_from_other_seat": {
    "criteria": {
      "has_seat": "2024-03-02 18:34:13 +1100"
    },
    "done": true
  },
  "minecraft:recipes/decorations/stonecutter": {
    "criteria": {
      "has_stone": "2024-03-02 16:53:00 +1100"
    },
    "done": true
  },
  "exnihilosequentia:recipes/exnihilosequentia/ens_birch_sieve": {
    "criteria": {
      "has_plank": "2024-03-02 16:58:01 +1100"
    },
    "done": true
  },
  "minecraft:adventure/adventuring_time": {
    "criteria": {
      "minecraft:plains": "2024-03-02 16:47:35 +1100"
    },
    "done": false
  },
  "storagedrawers:recipes/storagedrawers/one_stack_upgrade": {
    "criteria": {
      "has_template": "2024-03-02 16:47:35 +1100"
    },
    "done": true
  },
  "create:recipes/create.palettes/crafting/kinetics/brown_seat_from_other_seat": {
    "criteria": {
      "has_seat": "2024-03-02 18:34:13 +1100"
    },
    "done": true
  },
  "storagedrawers:recipes/storagedrawers/oak_trim": {
    "criteria": {
      "has_planks": "2024-03-02 16:47:35 +1100"
    },
    "done": true
  },
  "create:recipes/create.base/crafting/kinetics/controls": {
    "criteria": {
      "has_item": "2024-03-02 21:59:32 +1100"
    },
    "done": true
  },
  "minecraft:recipes/decorations/barrel": {
    "criteria": {
      "has_planks": "2024-03-02 16:58:01 +1100"
    },
    "done": true
  },
  "storagedrawers:recipes/storagedrawers/min_redstone_upgrade": {
    "criteria": {
      "has_template": "2024-03-02 16:47:35 +1100"
    },
    "done": true
  },
  "farmersdelight:recipes/farmersdelight/purple_canvas_sign": {
    "criteria": {
      "has_canvas_sign": "2024-03-02 23:32:16 +1100"
    },
    "done": true
  },
  "storagedrawers:recipes/storagedrawers/void_upgrade": {
    "criteria": {
      "has_template": "2024-03-02 16:47:35 +1100"
    },
    "done": true
  },
  "minecraft:recipes/decorations/birch_sign": {
    "criteria": {
      "has_planks": "2024-03-02 16:58:01 +1100"
    },
    "done": true
  },
  "farmersdelight:recipes/farmersdelight/cyan_canvas_sign": {
    "criteria": {
      "has_canvas_sign": "2024-03-02 23:32:16 +1100"
    },
    "done": true
  },
  "create:recipes/create.base/crafting/materials/brass_ingot_from_decompacting": {
    "criteria": {
      "has_item": "2024-03-02 21:49:54 +1100"
    },
    "done": true
  },
  "minecraft:recipes/redstone/stone_pressure_plate": {
    "criteria": {
      "has_stone": "2024-03-02 16:53:00 +1100"
    },
    "done": true
  },
  "storagedrawers:recipes/storagedrawers/drawer_key": {
    "criteria": {
      "has_template": "2024-03-02 16:47:35 +1100"
    },
    "done": true
  },
  "storagedrawers:recipes/storagedrawers/warped_trim": {
    "criteria": {
      "has_planks": "2024-03-02 16:47:35 +1100"
    },
    "done": true
  },
  "create:recipes/create.base/crafting/kinetics/track_observer_from_other_plates": {
    "criteria": {
      "has_item": "2024-03-02 21:59:32 +1100"
    },
    "done": true
  },
  "minecraft:recipes/decorations/stone_brick_walls_from_stone_stonecutting": {
    "criteria": {
      "has_stone": "2024-03-02 16:53:00 +1100"
    },
    "done": true
  },
  "minecraft:recipes/building_blocks/birch_stairs": {
    "criteria": {
      "has_planks": "2024-03-02 16:58:01 +1100"
    },
    "done": true
  },
  "farmersdelight:main/root": {
    "criteria": {
      "seeds": "2024-03-02 16:47:35 +1100"
    },
    "done": true
  },
  "minecraft:recipes/building_blocks/stone_brick_stairs_from_stone_stonecutting": {
    "criteria": {
      "has_stone": "2024-03-02 16:53:00 +1100"
    },
    "done": true
  },
  "chiselsandbits:recipes/chiselsandbits/modification_table": {
    "criteria": {
      "has_p": "2024-03-02 21:59:07 +1100"
    },
    "done": true
  },
  "storagedrawers:recipes/storagedrawers/illumination_upgrade": {
    "criteria": {
      "has_template": "2024-03-02 16:47:35 +1100"
    },
    "done": true
  },
  "exnihilosequentia:recipes/exnihilosequentia/ens_birch_barrel": {
    "criteria": {
      "has_walls": "2024-03-02 16:58:01 +1100"
    },
    "done": true
  },
  "create:recipes/create.palettes/crafting/kinetics/train_trapdoor": {
    "criteria": {
      "has_item": "2024-03-02 21:59:32 +1100"
    },
    "done": true
  },
  "minecraft:recipes/redstone/birch_trapdoor": {
    "criteria": {
      "has_planks": "2024-03-02 16:58:01 +1100"
    },
    "done": true
  },
  "create:recipes/create.palettes/birch_window": {
    "criteria": {
      "has_ingredient": "2024-03-02 16:58:01 +1100"
    },
    "done": true
  },
  "supplementaries:recipes/sign_post_minecraft/birch": {
    "criteria": {
      "has_plank": "2024-03-02 16:58:01 +1100"
    },
    "done": true
  },
  "minecraft:recipes/building_blocks/stone_stairs": {
    "criteria": {
      "has_stone": "2024-03-02 16:53:00 +1100"
    },
    "done": true
  },
  "storagedrawers:recipes/storagedrawers/emerald_storage_upgrade": {
    "criteria": {
      "has_template": "2024-03-02 16:47:35 +1100"
    },
    "done": true
  },
  "industrialforegoing:recipes/industrialforegoing_core/dryrubber": {
    "criteria": {
      "has_item": "2024-03-02 16:47:35 +1100"
    },
    "done": true
  },
  "storagedrawers:recipes/storagedrawers/redstone_upgrade": {
    "criteria": {
      "has_template": "2024-03-02 16:47:35 +1100"
    },
    "done": true
  },
  "exnihilosequentia:recipes/exnihilosequentia/ens_wooden_hammer": {
    "criteria": {
      "has_material": "2024-03-02 16:58:01 +1100"
    },
    "done": true
  },
  "minecraft:recipes/redstone/birch_door": {
    "criteria": {
      "has_planks": "2024-03-02 16:58:01 +1100"
    },
    "done": true
  },
  "create:recipes/create.palettes/crafting/kinetics/train_door": {
    "criteria": {
      "has_item": "2024-03-02 21:59:32 +1100"
    },
    "done": true
  },
  "create:root": {
    "criteria": {
      "0": "2024-03-02 16:47:35 +1100"
    },
    "done": true
  },
  "storagedrawers:recipes/storagedrawers/obsidian_storage_upgrade": {
    "criteria": {
      "has_template": "2024-03-02 16:47:35 +1100"
    },
    "done": true
  },
  "create:recipes/create.palettes/crafting/kinetics/yellow_seat_from_other_seat": {
    "criteria": {
      "has_seat": "2024-03-02 18:34:13 +1100"
    },
    "done": true
  },
  "storagedrawers:recipes/storagedrawers/gold_storage_upgrade": {
    "criteria": {
      "has_template": "2024-03-02 16:47:35 +1100"
    },
    "done": true
  },
  "storagedrawers:recipes/storagedrawers/diamond_storage_upgrade": {
    "criteria": {
      "has_template": "2024-03-02 16:47:35 +1100"
    },
    "done": true
  },
  "farmersdelight:recipes/farmersdelight/orange_canvas_sign": {
    "criteria": {
      "has_canvas_sign": "2024-03-02 23:32:16 +1100"
    },
    "done": true
  },
  "ironchest:recipes/ironchest/upgrades/wood_to_copper_chest_upgrade": {
    "criteria": {
      "has_item": "2024-03-02 16:58:01 +1100"
    },
    "done": true
  },
  "create:recipes/create.palettes/crafting/kinetics/lime_seat_from_other_seat": {
    "criteria": {
      "has_seat": "2024-03-02 18:34:13 +1100"
    },
    "done": true
  },
  "storagedrawers:recipes/storagedrawers/concealment_key": {
    "criteria": {
      "has_template": "2024-03-02 16:47:35 +1100"
    },
    "done": true
  },
  "storagedrawers:recipes/storagedrawers/spruce_trim": {
    "criteria": {
      "has_planks": "2024-03-02 16:47:35 +1100"
    },
    "done": true
  },
  "storagedrawers:recipes/storagedrawers/iron_storage_upgrade": {
    "criteria": {
      "has_template": "2024-03-02 16:47:35 +1100"
    },
    "done": true
  },
  "storagedrawers:recipes/storagedrawers/jungle_trim": {
    "criteria": {
      "has_planks": "2024-03-02 16:47:35 +1100"
    },
    "done": true
  },
  "create:recipes/create.palettes/crafting/kinetics/red_seat_from_other_seat": {
    "criteria": {
      "has_seat": "2024-03-02 18:34:13 +1100"
    },
    "done": true
  },
  "railways:recipes/railways/crafting/track_coupler": {
    "criteria": {
      "has_item": "2024-03-02 21:59:32 +1100"
    },
    "done": true
  },
  "minecraft:recipes/decorations/birch_fence": {
    "criteria": {
      "has_planks": "2024-03-02 16:58:01 +1100"
    },
    "done": true
  },
  "farmersdelight:recipes/farmersdelight/pink_canvas_sign": {
    "criteria": {
      "has_canvas_sign": "2024-03-02 23:32:16 +1100"
    },
    "done": true
  },
  "create:recipes/create.palettes/crafting/kinetics/pink_seat_from_other_seat": {
    "criteria": {
      "has_seat": "2024-03-02 18:34:13 +1100"
    },
    "done": true
  },
  "farmersdelight:recipes/farmersdelight/yellow_canvas_sign": {
    "criteria": {
      "has_canvas_sign": "2024-03-02 23:32:16 +1100"
    },
    "done": true
  },
  "create:recipes/create.base/crafting/kinetics/track_signal": {
    "criteria": {
      "has_item": "2024-03-02 21:59:32 +1100"
    },
    "done": true
  },
  "DataVersion": 2975
}